naf_prefix,rome,contact_mode
01,A1101,Envoyer un CV et une lettre de motivation
01,A1202,Envoyer un CV et une lettre de motivation
01,A1204,Envoyer un CV et une lettre de motivation
01,A1301,Envoyer un CV et une lettre de motivation
01,A1302,Envoyer un CV et une lettre de motivation
01,A1303,Envoyer un CV et une lettre de motivation
01,A1401,Envoyer un CV et une lettre de motivation
01,A1402,Envoyer un CV et une lettre de motivation
01,A1403,Envoyer un CV et une lettre de motivation
01,A1405,Envoyer un CV et une lettre de motivation
01,A1407,Envoyer un CV et une lettre de motivation
01,A1408,Envoyer un CV et une lettre de motivation
01,A1409,Envoyer un CV et une lettre de motivation
01,A1410,Envoyer un CV et une lettre de motivation
01,A1411,Envoyer un CV et une lettre de motivation
01,A1414,Envoyer un CV et une lettre de motivation
01,A1416,Envoyer un CV et une lettre de motivation
01,D1209,Envoyer un CV et une lettre de motivation
01,I1603,Envoyer un CV et une lettre de motivation
02,A1101,Envoyer un CV et une lettre de motivation
02,A1201,Envoyer un CV et une lettre de motivation
02,A1202,Envoyer un CV et une lettre de motivation
02,A1203,Envoyer un CV et une lettre de motivation
02,A1204,Envoyer un CV et une lettre de motivation
02,A1205,Envoyer un CV et une lettre de motivation
02,A1303,Envoyer un CV et une lettre de motivation
03,A1403,Envoyer un CV et une lettre de motivation
03,A1404,Envoyer un CV et une lettre de motivation
03,A1406,Envoyer un CV et une lettre de motivation
03,A1415,Envoyer un CV et une lettre de motivation
03,D1105,Envoyer un CV et une lettre de motivation
03,I1502,Envoyer un CV et une lettre de motivation
03,I1605,Envoyer un CV et une lettre de motivation
05,F1203,Envoyer un CV et une lettre de motivation
05,F1302,Envoyer un CV et une lettre de motivation
05,F1402,Envoyer un CV et une lettre de motivation
06,F1203,Envoyer un CV et une lettre de motivation
06,F1302,Envoyer un CV et une lettre de motivation
06,F1401,Envoyer un CV et une lettre de motivation
07,F1203,Envoyer un CV et une lettre de motivation
07,F1302,Envoyer un CV et une lettre de motivation
07,F1402,Envoyer un CV et une lettre de motivation
08,A1417,Envoyer un CV et une lettre de motivation
08,F1203,Envoyer un CV et une lettre de motivation
08,F1302,Envoyer un CV et une lettre de motivation
08,F1402,Envoyer un CV et une lettre de motivation
09,F1105,Envoyer un CV et une lettre de motivation
09,F1107,Envoyer un CV et une lettre de motivation
09,F1203,Envoyer un CV et une lettre de motivation
09,F1302,Envoyer un CV et une lettre de motivation
09,F1401,Envoyer un CV et une lettre de motivation
09,F1402,Envoyer un CV et une lettre de motivation
10,A1412,
10,D1101,Se présenter spontanément
10,D1102,Se présenter spontanément
10,D1103,Se présenter spontanément
10,D1104,Se présenter spontanément
10,D1105,Se présenter spontanément
10,G1601,Envoyer un CV et une lettre de motivation
10,G1602,Envoyer un CV et une lettre de motivation
10,H1201,Envoyer un CV et une lettre de motivation
10,H1505,Envoyer un CV et une lettre de motivation
10,H2101,Envoyer un CV et une lettre de motivation
10,H2102,Envoyer un CV et une lettre de motivation
10,H2504,Envoyer un CV et une lettre de motivation
10,H3301,Envoyer un CV et une lettre de motivation
10,H3302,Envoyer un CV et une lettre de motivation
10,H3303,Envoyer un CV et une lettre de motivation
10,I1305,Envoyer un CV et une lettre de motivation
10,I1306,Envoyer un CV et une lettre de motivation
10,J1402,Envoyer un CV et une lettre de motivation
11,A1413,Envoyer un CV et une lettre de motivation
11,G1804,Envoyer un CV et une lettre de motivation
11,H1505,Envoyer un CV et une lettre de motivation
11,H2102,Envoyer un CV et une lettre de motivation
11,H2504,Envoyer un CV et une lettre de motivation
11,H3301,Envoyer un CV et une lettre de motivation
11,H3302,Envoyer un CV et une lettre de motivation
12,H2504,Envoyer un CV et une lettre de motivation
12,H3303,Envoyer un CV et une lettre de motivation
13,B1804,Envoyer un CV et une lettre de motivation
13,B1805,Envoyer un CV et une lettre de motivation
13,B1806,Envoyer un CV et une lettre de motivation
13,H1201,Envoyer un CV et une lettre de motivation
13,H1205,Envoyer un CV et une lettre de motivation
13,H2402,Se présenter spontanément
13,H2403,Se présenter spontanément
13,H2404,Se présenter spontanément
13,H2405,Se présenter spontanément
13,H2406,Se présenter spontanément
13,H2408,Se présenter spontanément
13,H2410,Se présenter spontanément
13,H2411,Envoyer un CV et une lettre de motivation
13,H2413,Envoyer un CV et une lettre de motivation
13,H2415,Envoyer un CV et une lettre de motivation
13,H2505,Envoyer un CV et une lettre de motivation
13,H3303,
14,B1801,Se présenter spontanément
14,B1803,Se présenter spontanément
14,B1804,Se présenter spontanément
14,B1805,Se présenter spontanément
14,H1205,Se présenter spontanément
14,H2402,Se présenter spontanément
14,H2409,Se présenter spontanément
14,H2410,Se présenter spontanément
14,H2411,Se présenter spontanément
14,H2412,Se présenter spontanément
14,H2414,Se présenter spontanément
14,H2415,Se présenter spontanément
14,H2505,Se présenter spontanément
14,L1102,Se présenter spontanément
15,B1802,Se présenter spontanément
15,B1805,Se présenter spontanément
15,H1201,Se présenter spontanément
15,H1205,Se présenter spontanément
15,H2401,Se présenter spontanément
15,H2402,Se présenter spontanément
15,H2407,Se présenter spontanément
15,H2409,Se présenter spontanément
15,H2411,Se présenter spontanément
15,H2412,Se présenter spontanément
15,H2414,Se présenter spontanément
15,H2415,Se présenter spontanément
15,H2505,Envoyer un CV et une lettre de motivation
15,H3201,Se présenter spontanément
15,H3202,Se présenter spontanément
15,H3203,Se présenter spontanément
15,H3302,Se présenter spontanément
15,H3303,Se présenter spontanément
16,B1302,Envoyer un CV et une lettre de motivation
16,B1303,Envoyer un CV et une lettre de motivation
16,B1401,Envoyer un CV et une lettre de motivation
16,F1501,Envoyer un CV et une lettre de motivation
16,H1201,Envoyer un CV et une lettre de motivation
16,H2201,Envoyer un CV et une lettre de motivation
16,H2202,Envoyer un CV et une lettre de motivation
16,H2203,Envoyer un CV et une lettre de motivation
16,H2204,Envoyer un CV et une lettre de motivation
16,H2205,Envoyer un CV et une lettre de motivation
16,H2206,Envoyer un CV et une lettre de motivation
16,H2208,Envoyer un CV et une lettre de motivation
16,H2209,Envoyer un CV et une lettre de motivation
16,H2903,Envoyer un CV et une lettre de motivation
16,H2906,Envoyer un CV et une lettre de motivation
16,H3301,Envoyer un CV et une lettre de motivation
16,H3302,Envoyer un CV et une lettre de motivation
17,E1301,Se présenter spontanément
17,E1303,Se présenter spontanément
17,E1304,Se présenter spontanément
17,E1306,Se présenter spontanément
17,H2504,Se présenter spontanément
17,H3101,Se présenter spontanément
17,H3102,Se présenter spontanément
17,H3301,Se présenter spontanément
17,H3303,Se présenter spontanément
18,B1402,Se présenter spontanément
18,E1105,Se présenter spontanément
18,E1106,Se présenter spontanément
18,E1301,Se présenter spontanément
18,E1302,Se présenter spontanément
18,E1303,Se présenter spontanément
18,E1304,Se présenter spontanément
18,E1305,Se présenter spontanément
18,E1306,Se présenter spontanément
18,E1307,Se présenter spontanément
18,E1308,Se présenter spontanément
19,H2504,Envoyer un CV et une lettre de motivation
19,H2701,Envoyer un CV et une lettre de motivation
20,H1201,Envoyer un CV et une lettre de motivation
20,H1505,Envoyer un CV et une lettre de motivation
20,H2301,Envoyer un CV et une lettre de motivation
20,H2504,Envoyer un CV et une lettre de motivation
20,H2701,Envoyer un CV et une lettre de motivation
20,H2902,Se présenter spontanément
20,H2903,Se présenter spontanément
20,H2907,Se présenter spontanément
20,H2909,Se présenter spontanément
20,H2911,Se présenter spontanément
20,H2914,Se présenter spontanément
20,H3301,Se présenter spontanément
20,H3302,Se présenter spontanément
20,H3303,Se présenter spontanément
20,I1306,Se présenter spontanément
21,D1405,Envoyer un CV et une lettre de motivation
21,H2301,Envoyer un CV et une lettre de motivation
21,H2504,Envoyer un CV et une lettre de motivation
21,H3303,Envoyer un CV et une lettre de motivation
22,H1201,Envoyer un CV et une lettre de motivation
22,H2504,Envoyer un CV et une lettre de motivation
22,H2901,Se présenter spontanément
22,H2902,Se présenter spontanément
22,H2903,Se présenter spontanément
22,H2904,Se présenter spontanément
22,H2905,Se présenter spontanément
22,H2906,Se présenter spontanément
22,H2907,Se présenter spontanément
22,H2908,Se présenter spontanément
22,H2909,Se présenter spontanément
22,H2910,Se présenter spontanément
22,H2911,Se présenter spontanément
22,H3201,Se présenter spontanément
22,H3202,Se présenter spontanément
22,H3203,Se présenter spontanément
22,H3302,Se présenter spontanément
22,H3303,Se présenter spontanément
22,H3401,Se présenter spontanément
23,B1201,Se présenter spontanément
23,B1602,Se présenter spontanément
23,F1612,Se présenter spontanément
23,F1706,Se présenter spontanément
23,H2504,Envoyer un CV et une lettre de motivation
23,H2701,Se présenter spontanément
23,H2801,Se présenter spontanément
23,H2802,Se présenter spontanément
23,H2803,Se présenter spontanément
23,H2804,Se présenter spontanément
23,H2805,Se présenter spontanément
23,H2901,Se présenter spontanément
23,H2902,Se présenter spontanément
23,H2903,Se présenter spontanément
23,H2904,Se présenter spontanément
23,H2905,Se présenter spontanément
23,H2906,Se présenter spontanément
23,H2907,Se présenter spontanément
23,H2908,Se présenter spontanément
23,H2909,Se présenter spontanément
23,H2910,Se présenter spontanément
23,H2911,Se présenter spontanément
23,H3301,Se présenter spontanément
23,H3302,Se présenter spontanément
23,H3303,Se présenter spontanément
23,H3401,Se présenter spontanément
24,H2503,Se présenter spontanément
24,H2602,Se présenter spontanément
24,H2701,Se présenter spontanément
24,H2901,Se présenter spontanément
24,H2902,Se présenter spontanément
24,H2903,Se présenter spontanément
24,H2904,Se présenter spontanément
24,H2905,Se présenter spontanément
24,H2906,Se présenter spontanément
24,H2907,Se présenter spontanément
24,H2908,Se présenter spontanément
24,H2909,Se présenter spontanément
24,H2910,Se présenter spontanément
24,H2911,Se présenter spontanément
24,H2914,Se présenter spontanément
24,H3301,Se présenter spontanément
24,H3401,Se présenter spontanément
24,I1304,Se présenter spontanément
24,I1310,Se présenter spontanément
24,I1502,Se présenter spontanément
25,A1502,Se présenter spontanément
25,B1601,Se présenter spontanément
25,H2503,Se présenter spontanément
25,H2602,Se présenter spontanément
25,H2605,Se présenter spontanément
25,H2901,Se présenter spontanément
25,H2902,Se présenter spontanément
25,H2903,Se présenter spontanément
25,H2904,Se présenter spontanément
25,H2905,Se présenter spontanément
25,H2906,Se présenter spontanément
25,H2907,Se présenter spontanément
25,H2908,Se présenter spontanément
25,H2909,Se présenter spontanément
25,H2910,Se présenter spontanément
25,H2911,Se présenter spontanément
25,H2914,Se présenter spontanément
25,H3401,Se présenter spontanément
25,I1305,Se présenter spontanément
26,B1604,Se présenter spontanément
26,H1202,Envoyer un CV et une lettre de motivation
26,H1209,Se présenter spontanément
26,H1504,Se présenter spontanément
26,H2501,Envoyer un CV et une lettre de motivation
26,H2503,Se présenter spontanément
26,H2601,Se présenter spontanément
26,H2602,Se présenter spontanément
26,H2603,Se présenter spontanément
26,H2604,Se présenter spontanément
26,H2605,Se présenter spontanément
26,H2901,Se présenter spontanément
26,H2902,Se présenter spontanément
26,H2903,Se présenter spontanément
26,H2904,Se présenter spontanément
26,H2905,Se présenter spontanément
26,H2906,Se présenter spontanément
26,H2909,Se présenter spontanément
26,H2911,Se présenter spontanément
26,H3401,Se présenter spontanément
26,I1305,Se présenter spontanément
26,I1401,Envoyer un CV et une lettre de motivation
27,H1202,Envoyer un CV et une lettre de motivation
27,H1209,Envoyer un CV et une lettre de motivation
27,H1504,Envoyer un CV et une lettre de motivation
27,H2501,Envoyer un CV et une lettre de motivation
27,H2503,Se présenter spontanément
27,H2601,Se présenter spontanément
27,H2602,Se présenter spontanément
27,H2603,Se présenter spontanément
27,H2604,Se présenter spontanément
27,H2605,Se présenter spontanément
27,H2901,Se présenter spontanément
27,H2902,Se présenter spontanément
27,H2903,Se présenter spontanément
27,H2904,Se présenter spontanément
27,H2905,Se présenter spontanément
27,H2906,Se présenter spontanément
27,H2909,Se présenter spontanément
27,H2911,Se présenter spontanément
27,I1305,Se présenter spontanément
27,I1402,Se présenter spontanément
28,H2501,Envoyer un CV et une lettre de motivation
28,H2503,Se présenter spontanément
28,H2901,Se présenter spontanément
28,H2902,Se présenter spontanément
28,H2903,Se présenter spontanément
28,H2904,Se présenter spontanément
28,H2905,Se présenter spontanément
28,H2906,Se présenter spontanément
28,H2907,Se présenter spontanément
28,H2909,Se présenter spontanément
28,H2910,Se présenter spontanément
28,H2914,Se présenter spontanément
28,H3201,Se présenter spontanément
28,H3202,Se présenter spontanément
29,B1802,Se présenter spontanément
29,H2501,Envoyer un CV et une lettre de motivation
29,H2503,Se présenter spontanément
29,H2901,Se présenter spontanément
29,H2902,Se présenter spontanément
29,H2903,Se présenter spontanément
29,H2904,Se présenter spontanément
29,H2905,Se présenter spontanément
29,H2906,Se présenter spontanément
29,H2907,Se présenter spontanément
29,H2908,Se présenter spontanément
29,H2909,Se présenter spontanément
29,H2910,Se présenter spontanément
29,H2911,Se présenter spontanément
29,H2914,Se présenter spontanément
29,H3201,Se présenter spontanément
29,H3202,Se présenter spontanément
29,H3203,Se présenter spontanément
29,H3401,Se présenter spontanément
29,H3402,Se présenter spontanément
29,H3403,Se présenter spontanément
29,H3404,Se présenter spontanément
29,I1305,Se présenter spontanément
29,I1604,Se présenter spontanément
30,B1802,Se présenter spontanément
30,F1503,Se présenter spontanément
30,F1604,Se présenter spontanément
30,H2501,Envoyer un CV et une lettre de motivation
30,H2503,Se présenter spontanément
30,H2602,Se présenter spontanément
30,H2605,Se présenter spontanément
30,H2901,Se présenter spontanément
30,H2902,Se présenter spontanément
30,H2903,Se présenter spontanément
30,H2904,Se présenter spontanément
30,H2905,Se présenter spontanément
30,H2906,Se présenter spontanément
30,H2907,Se présenter spontanément
30,H2908,Se présenter spontanément
30,H2909,Se présenter spontanément
30,H2910,Se présenter spontanément
30,H2911,Se présenter spontanément
30,H2914,Se présenter spontanément
30,H3201,Se présenter spontanément
30,H3202,Se présenter spontanément
30,H3203,Se présenter spontanément
30,H3401,Se présenter spontanément
30,H3402,Se présenter spontanément
30,H3403,Se présenter spontanément
30,H3404,Se présenter spontanément
30,I1305,Se présenter spontanément
30,I1601,Se présenter spontanément
30,I1602,Se présenter spontanément
30,I1605,Se présenter spontanément
30,I1606,Se présenter spontanément
30,I1607,Se présenter spontanément
30,N2102,Envoyer un CV et une lettre de motivation
31,B1302,Se présenter spontanément
31,B1805,Se présenter spontanément
31,H1201,Se présenter spontanément
31,H2201,Se présenter spontanément
31,H2202,Se présenter spontanément
31,H2204,Envoyer un CV et une lettre de motivation
31,H2207,Se présenter spontanément
31,H2209,Se présenter spontanément
31,H2903,Se présenter spontanément
31,H2906,Se présenter spontanément
31,H3301,Se présenter spontanément
31,H3302,Se présenter spontanément
32,B1302,Se présenter spontanément
32,B1303,Se présenter spontanément
32,B1501,Se présenter spontanément
32,B1601,Se présenter spontanément
32,B1602,Se présenter spontanément
32,B1603,Se présenter spontanément
32,B1701,Envoyer un CV et une lettre de motivation
32,B1802,Se présenter spontanément
32,D1405,Envoyer un CV et une lettre de motivation
32,H2208,Se présenter spontanément
32,H2605,Se présenter spontanément
32,H2901,Se présenter spontanément
32,H2902,Se présenter spontanément
32,H2903,Se présenter spontanément
32,H2904,Se présenter spontanément
32,H2905,Se présenter spontanément
32,H2906,Se présenter spontanément
32,H2907,Se présenter spontanément
32,H2909,Se présenter spontanément
32,H2911,Se présenter spontanément
32,H3201,Se présenter spontanément
32,H3202,Se présenter spontanément
32,H3203,Se présenter spontanément
32,H3401,Se présenter spontanément
32,I1305,Se présenter spontanément
32,J1401,Envoyer un CV et une lettre de motivation
32,J1410,Envoyer un CV et une lettre de motivation
32,J1411,Envoyer un CV et une lettre de motivation
33,H2501,Envoyer un CV et une lettre de motivation
33,H2602,Se présenter spontanément
33,H2901,Se présenter spontanément
33,H2902,Se présenter spontanément
33,H2903,Se présenter spontanément
33,H2904,Se présenter spontanément
33,H2905,Se présenter spontanément
33,H2906,Se présenter spontanément
33,H2907,Se présenter spontanément
33,H2908,Se présenter spontanément
33,H2909,Se présenter spontanément
33,H2910,Se présenter spontanément
33,H2911,Se présenter spontanément
33,H2914,Se présenter spontanément
33,I1309,Se présenter spontanément
33,I1310,Se présenter spontanément
33,I1601,Se présenter spontanément
33,I1602,Se présenter spontanément
33,I1603,Se présenter spontanément
33,I1605,Se présenter spontanément
35,F1605,Envoyer un CV et une lettre de motivation
35,F1705,Envoyer un CV et une lettre de motivation
35,H2701,Envoyer un CV et une lettre de motivation
35,I1304,Envoyer un CV et une lettre de motivation
35,I1306,Envoyer un CV et une lettre de motivation
35,I1308,Envoyer un CV et une lettre de motivation
35,I1503,Envoyer un CV et une lettre de motivation
36,F1705,Envoyer un CV et une lettre de motivation
36,K2301,Envoyer un CV et une lettre de motivation
36,K2306,Envoyer un CV et une lettre de motivation
37,K2301,Envoyer un CV et une lettre de motivation
37,K2306,Envoyer un CV et une lettre de motivation
38,H1302,Envoyer un CV et une lettre de motivation
38,H1303,Envoyer un CV et une lettre de motivation
38,H2701,Envoyer un CV et une lettre de motivation
38,I1503,Envoyer un CV et une lettre de motivation
38,K2302,Envoyer un CV et une lettre de motivation
38,K2303,Envoyer un CV et une lettre de motivation
38,K2304,Envoyer un CV et une lettre de motivation
38,K2305,Envoyer un CV et une lettre de motivation
38,K2306,Envoyer un CV et une lettre de motivation
38,N4104,Envoyer un CV et une lettre de motivation
39,H1302,Envoyer un CV et une lettre de motivation
39,H1303,Envoyer un CV et une lettre de motivation
39,I1503,Envoyer un CV et une lettre de motivation
41,C1503,Envoyer un CV et une lettre de motivation
41,C1504,Envoyer un CV et une lettre de motivation
41,F1106,Envoyer un CV et une lettre de motivation
41,F1201,Envoyer un CV et une lettre de motivation
41,F1202,Envoyer un CV et une lettre de motivation
42,F1104,Envoyer un CV et une lettre de motivation
42,F1201,Envoyer un CV et une lettre de motivation
42,F1202,Envoyer un CV et une lettre de motivation
42,F1301,Envoyer un CV et une lettre de motivation
42,F1302,Envoyer un CV et une lettre de motivation
42,F1501,Envoyer un CV et une lettre de motivation
42,F1701,Envoyer un CV et une lettre de motivation
42,F1702,Envoyer un CV et une lettre de motivation
42,F1703,Envoyer un CV et une lettre de motivation
42,F1704,Envoyer un CV et une lettre de motivation
42,F1705,Envoyer un CV et une lettre de motivation
43,F1104,Envoyer un CV et une lettre de motivation
43,F1105,Envoyer un CV et une lettre de motivation
43,F1107,Envoyer un CV et une lettre de motivation
43,F1201,Envoyer un CV et une lettre de motivation
43,F1202,Envoyer un CV et une lettre de motivation
43,F1301,Envoyer un CV et une lettre de motivation
43,F1302,Envoyer un CV et une lettre de motivation
43,F1501,Envoyer un CV et une lettre de motivation
43,F1502,Envoyer un CV et une lettre de motivation
43,F1503,Envoyer un CV et une lettre de motivation
43,F1601,Envoyer un CV et une lettre de motivation
43,F1602,Envoyer un CV et une lettre de motivation
43,F1603,Envoyer un CV et une lettre de motivation
43,F1604,Envoyer un CV et une lettre de motivation
43,F1605,Envoyer un CV et une lettre de motivation
43,F1606,Envoyer un CV et une lettre de motivation
43,F1607,Envoyer un CV et une lettre de motivation
43,F1608,Envoyer un CV et une lettre de motivation
43,F1609,Envoyer un CV et une lettre de motivation
43,F1610,Envoyer un CV et une lettre de motivation
43,F1611,Envoyer un CV et une lettre de motivation
43,F1612,Envoyer un CV et une lettre de motivation
43,F1613,Envoyer un CV et une lettre de motivation
43,F1701,Envoyer un CV et une lettre de motivation
43,F1703,Envoyer un CV et une lettre de motivation
43,F1704,Envoyer un CV et une lettre de motivation
43,F1705,Envoyer un CV et une lettre de motivation
43,H2206,Envoyer un CV et une lettre de motivation
43,I1301,Envoyer un CV et une lettre de motivation
43,I1302,Envoyer un CV et une lettre de motivation
43,I1306,Envoyer un CV et une lettre de motivation
43,I1307,Envoyer un CV et une lettre de motivation
43,I1308,Envoyer un CV et une lettre de motivation
43,I1501,Envoyer un CV et une lettre de motivation
43,I1603,Envoyer un CV et une lettre de motivation
43,N1303,Envoyer un CV et une lettre de motivation
45,D1213,Se présenter spontanément
45,D1404,Se présenter spontanément
45,D1501,Se présenter spontanément
45,I1603,Se présenter spontanément
45,I1604,Se présenter spontanément
45,I1606,Se présenter spontanément
45,I1607,Se présenter spontanément
46,D1106,Se présenter spontanément
46,D1107,Se présenter spontanément
46,D1213,Se présenter spontanément
46,D1501,Se présenter spontanément
46,D1505,Se présenter spontanément
46,D1506,Se présenter spontanément
46,D1507,Se présenter spontanément
46,D1508,Se présenter spontanément
46,I1401,Se présenter spontanément
46,I1603,Se présenter spontanément
46,I1605,Se présenter spontanément
47,B1301,Se présenter spontanément
47,B1603,Se présenter spontanément
47,B1604,Se présenter spontanément
47,B1805,Se présenter spontanément
47,D1101,Se présenter spontanément
47,D1102,Se présenter spontanément
47,D1103,Se présenter spontanément
47,D1104,Se présenter spontanément
47,D1105,Se présenter spontanément
47,D1106,Se présenter spontanément
47,D1201,Se présenter spontanément
47,D1207,Se présenter spontanément
47,D1209,Se présenter spontanément
47,D1210,Se présenter spontanément
47,D1211,Se présenter spontanément
47,D1212,Se présenter spontanément
47,D1213,Se présenter spontanément
47,D1214,Se présenter spontanément
47,D1301,Se présenter spontanément
47,D1408,Se présenter spontanément
47,D1501,Se présenter spontanément
47,D1502,Se présenter spontanément
47,D1503,Se présenter spontanément
47,D1504,Se présenter spontanément
47,D1505,Se présenter spontanément
47,D1506,Se présenter spontanément
47,D1507,Se présenter spontanément
47,D1508,Se présenter spontanément
47,D1509,Envoyer un CV et une lettre de motivation
47,E1201,Se présenter spontanément
47,E1203,Se présenter spontanément
47,G1804,Se présenter spontanément
47,I1401,Envoyer un CV et une lettre de motivation
47,J1401,Se présenter spontanément
47,J1405,Se présenter spontanément
47,N1103,Se présenter spontanément
47,N1303,Envoyer un CV et une lettre de motivation
47,N4101,Envoyer un CV et une lettre de motivation
47,N4105,Envoyer un CV et une lettre de motivation
49,F1605,Se présenter spontanément
49,F1702,Se présenter spontanément
49,G1101,Se présenter spontanément
49,G1302,Envoyer un CV et une lettre de motivation
49,G1303,Se présenter spontanément
49,I1604,Se présenter spontanément
49,I1606,Se présenter spontanément
49,K1204,Envoyer un CV et une lettre de motivation
49,N1102,Se présenter spontanément
49,N1201,Envoyer un CV et une lettre de motivation
49,N1202,Envoyer un CV et une lettre de motivation
49,N1301,Envoyer un CV et une lettre de motivation
49,N1302,Envoyer un CV et une lettre de motivation
49,N4101,Envoyer un CV et une lettre de motivation
49,N4102,Envoyer un CV et une lettre de motivation
49,N4103,Envoyer un CV et une lettre de motivation
49,N4105,Envoyer un CV et une lettre de motivation
49,N4201,Envoyer un CV et une lettre de motivation
49,N4202,Envoyer un CV et une lettre de motivation
49,N4203,Envoyer un CV et une lettre de motivation
49,N4204,Envoyer un CV et une lettre de motivation
49,N4301,Envoyer un CV et une lettre de motivation
49,N4302,Envoyer un CV et une lettre de motivation
49,N4401,Envoyer un CV et une lettre de motivation
49,N4402,Envoyer un CV et une lettre de motivation
49,N4403,Envoyer un CV et une lettre de motivation
50,F1702,Envoyer un CV et une lettre de motivation
50,G1101,Envoyer un CV et une lettre de motivation
50,G1206,Envoyer un CV et une lettre de motivation
50,G1302,Envoyer un CV et une lettre de motivation
50,G1303,Envoyer un CV et une lettre de motivation
50,I1605,Envoyer un CV et une lettre de motivation
50,N1201,Envoyer un CV et une lettre de motivation
50,N1202,Envoyer un CV et une lettre de motivation
50,N1301,Envoyer un CV et une lettre de motivation
50,N1302,Envoyer un CV et une lettre de motivation
50,N3101,Envoyer un CV et une lettre de motivation
50,N3102,Envoyer un CV et une lettre de motivation
50,N3103,Envoyer un CV et une lettre de motivation
50,N3201,Envoyer un CV et une lettre de motivation
50,N3202,Envoyer un CV et une lettre de motivation
50,N3203,Envoyer un CV et une lettre de motivation
51,G1101,Envoyer un CV et une lettre de motivation
51,G1302,Envoyer un CV et une lettre de motivation
51,G1303,Envoyer un CV et une lettre de motivation
51,I1602,Envoyer un CV et une lettre de motivation
51,N1201,Envoyer un CV et une lettre de motivation
51,N1202,Envoyer un CV et une lettre de motivation
51,N1301,Envoyer un CV et une lettre de motivation
51,N1302,Envoyer un CV et une lettre de motivation
51,N2101,Envoyer un CV et une lettre de motivation
51,N2102,Envoyer un CV et une lettre de motivation
51,N2201,Envoyer un CV et une lettre de motivation
51,N2203,Envoyer un CV et une lettre de motivation
51,N2204,Envoyer un CV et une lettre de motivation
51,N2205,Envoyer un CV et une lettre de motivation
52,D1505,Envoyer un CV et une lettre de motivation
52,F1301,Envoyer un CV et une lettre de motivation
52,F1702,Envoyer un CV et une lettre de motivation
52,I1202,Envoyer un CV et une lettre de motivation
52,I1602,Envoyer un CV et une lettre de motivation
52,K2202,Envoyer un CV et une lettre de motivation
52,K2204,Envoyer un CV et une lettre de motivation
52,K2302,Envoyer un CV et une lettre de motivation
52,K2303,Envoyer un CV et une lettre de motivation
52,K2502,Envoyer un CV et une lettre de motivation
52,K2503,Envoyer un CV et une lettre de motivation
52,N1101,Envoyer un CV et une lettre de motivation
52,N1103,Envoyer un CV et une lettre de motivation
52,N1104,Envoyer un CV et une lettre de motivation
52,N1105,Envoyer un CV et une lettre de motivation
52,N1201,Envoyer un CV et une lettre de motivation
52,N1202,Envoyer un CV et une lettre de motivation
52,N1301,Envoyer un CV et une lettre de motivation
52,N1302,Envoyer un CV et une lettre de motivation
52,N1303,Envoyer un CV et une lettre de motivation
52,N2201,Envoyer un CV et une lettre de motivation
52,N2202,Envoyer un CV et une lettre de motivation
52,N2203,Envoyer un CV et une lettre de motivation
52,N2204,Envoyer un CV et une lettre de motivation
52,N2205,Envoyer un CV et une lettre de motivation
52,N3101,Envoyer un CV et une lettre de motivation
52,N3102,Envoyer un CV et une lettre de motivation
52,N3201,Envoyer un CV et une lettre de motivation
52,N3202,Envoyer un CV et une lettre de motivation
52,N3203,Envoyer un CV et une lettre de motivation
52,N4201,Envoyer un CV et une lettre de motivation
52,N4203,Envoyer un CV et une lettre de motivation
52,N4403,Envoyer un CV et une lettre de motivation
53,M1603,Envoyer un CV et une lettre de motivation
53,N4104,Envoyer un CV et une lettre de motivation
53,N4105,Envoyer un CV et une lettre de motivation
53,N4201,Envoyer un CV et une lettre de motivation
53,N4202,Envoyer un CV et une lettre de motivation
53,N4203,Envoyer un CV et une lettre de motivation
55,D1205,Se présenter spontanément
55,G1401,Se présenter spontanément
55,G1402,Envoyer un CV et une lettre de motivation
55,G1403,Envoyer un CV et une lettre de motivation
55,G1501,Se présenter spontanément
55,G1502,Se présenter spontanément
55,G1503,Se présenter spontanément
55,G1701,Se présenter spontanément
55,G1702,Se présenter spontanément
55,G1703,Se présenter spontanément
55,G1803,Se présenter spontanément
55,K1202,Se présenter spontanément
55,K2201,Se présenter spontanément
56,D1205,Se présenter spontanément
56,G1401,Se présenter spontanément
56,G1402,Envoyer un CV et une lettre de motivation
56,G1404,Envoyer un CV et une lettre de motivation
56,G1601,Se présenter spontanément
56,G1602,Se présenter spontanément
56,G1603,Se présenter spontanément
56,G1604,Se présenter spontanément
56,G1605,Se présenter spontanément
56,G1702,Se présenter spontanément
56,G1801,Se présenter spontanément
56,G1802,Se présenter spontanément
56,G1803,Se présenter spontanément
56,G1804,Se présenter spontanément
56,J1402,Se présenter spontanément
56,K2201,Se présenter spontanément
56,N4104,Se présenter spontanément
58,E1101,Envoyer un CV et une lettre de motivation
58,E1102,Envoyer un CV et une lettre de motivation
58,E1103,Envoyer un CV et une lettre de motivation
58,E1104,Envoyer un CV et une lettre de motivation
58,E1105,Envoyer un CV et une lettre de motivation
58,E1106,Envoyer un CV et une lettre de motivation
58,E1107,Envoyer un CV et une lettre de motivation
58,E1205,Envoyer un CV et une lettre de motivation
58,E1305,Envoyer un CV et une lettre de motivation
58,E1308,Envoyer un CV et une lettre de motivation
58,E1401,Envoyer un CV et une lettre de motivation
58,E1402,Envoyer un CV et une lettre de motivation
59,E1102,Envoyer un CV et une lettre de motivation
59,E1104,Envoyer un CV et une lettre de motivation
59,E1106,Envoyer un CV et une lettre de motivation
59,E1202,Envoyer un CV et une lettre de motivation
59,E1204,Envoyer un CV et une lettre de motivation
59,E1205,Envoyer un CV et une lettre de motivation
59,L1103,Envoyer un CV et une lettre de motivation
59,L1201,Envoyer un CV et une lettre de motivation
59,L1202,Envoyer un CV et une lettre de motivation
59,L1203,Envoyer un CV et une lettre de motivation
59,L1204,Envoyer un CV et une lettre de motivation
59,L1302,Envoyer un CV et une lettre de motivation
59,L1303,Envoyer un CV et une lettre de motivation
59,L1304,Envoyer un CV et une lettre de motivation
59,L1501,Envoyer un CV et une lettre de motivation
59,L1502,Envoyer un CV et une lettre de motivation
59,L1503,Envoyer un CV et une lettre de motivation
59,L1504,Envoyer un CV et une lettre de motivation
59,L1505,Envoyer un CV et une lettre de motivation
59,L1506,Envoyer un CV et une lettre de motivation
59,L1507,Envoyer un CV et une lettre de motivation
59,L1508,Envoyer un CV et une lettre de motivation
59,L1509,Envoyer un CV et une lettre de motivation
60,E1106,Envoyer un CV et une lettre de motivation
60,L1103,Envoyer un CV et une lettre de motivation
60,L1302,Envoyer un CV et une lettre de motivation
60,L1304,Envoyer un CV et une lettre de motivation
60,L1507,Envoyer un CV et une lettre de motivation
61,F1605,Envoyer un CV et une lettre de motivation
61,H1209,Envoyer un CV et une lettre de motivation
61,H1504,Envoyer un CV et une lettre de motivation
61,H2605,Envoyer un CV et une lettre de motivation
61,I1305,Envoyer un CV et une lettre de motivation
61,I1307,Envoyer un CV et une lettre de motivation
61,I1501,Envoyer un CV et une lettre de motivation
61,M1801,Envoyer un CV et une lettre de motivation
61,M1802,Envoyer un CV et une lettre de motivation
61,M1803,Envoyer un CV et une lettre de motivation
61,M1804,Envoyer un CV et une lettre de motivation
61,M1810,Envoyer un CV et une lettre de motivation
62,I1307,Envoyer un CV et une lettre de motivation
62,I1401,Envoyer un CV et une lettre de motivation
62,M1801,Envoyer un CV et une lettre de motivation
62,M1802,Envoyer un CV et une lettre de motivation
62,M1803,Envoyer un CV et une lettre de motivation
62,M1804,Envoyer un CV et une lettre de motivation
62,M1805,Envoyer un CV et une lettre de motivation
62,M1806,Envoyer un CV et une lettre de motivation
62,M1810,Envoyer un CV et une lettre de motivation
63,E1101,Envoyer un CV et une lettre de motivation
63,E1104,Envoyer un CV et une lettre de motivation
63,E1105,Envoyer un CV et une lettre de motivation
63,E1106,Envoyer un CV et une lettre de motivation
63,E1305,Envoyer un CV et une lettre de motivation
63,M1801,Envoyer un CV et une lettre de motivation
63,M1802,Envoyer un CV et une lettre de motivation
63,M1803,Envoyer un CV et une lettre de motivation
63,M1804,Envoyer un CV et une lettre de motivation
63,M1805,Envoyer un CV et une lettre de motivation
63,M1806,Envoyer un CV et une lettre de motivation
63,M1810,Envoyer un CV et une lettre de motivation
64,C1101,Envoyer un CV et une lettre de motivation
64,C1102,Envoyer un CV et une lettre de motivation
64,C1105,Envoyer un CV et une lettre de motivation
64,C1201,Envoyer un CV et une lettre de motivation
64,C1202,Envoyer un CV et une lettre de motivation
64,C1203,Envoyer un CV et une lettre de motivation
64,C1204,Envoyer un CV et une lettre de motivation
64,C1205,Envoyer un CV et une lettre de motivation
64,C1206,Envoyer un CV et une lettre de motivation
64,C1207,Envoyer un CV et une lettre de motivation
64,C1301,Envoyer un CV et une lettre de motivation
64,C1302,Envoyer un CV et une lettre de motivation
64,C1303,Envoyer un CV et une lettre de motivation
64,C1401,Envoyer un CV et une lettre de motivation
64,M1201,Envoyer un CV et une lettre de motivation
64,M1207,Envoyer un CV et une lettre de motivation
65,C1101,Envoyer un CV et une lettre de motivation
65,C1102,Envoyer un CV et une lettre de motivation
65,C1103,Envoyer un CV et une lettre de motivation
65,C1104,Envoyer un CV et une lettre de motivation
65,C1105,Envoyer un CV et une lettre de motivation
65,C1106,Envoyer un CV et une lettre de motivation
65,C1107,Envoyer un CV et une lettre de motivation
65,C1108,Envoyer un CV et une lettre de motivation
65,C1109,Envoyer un CV et une lettre de motivation
65,C1110,Envoyer un CV et une lettre de motivation
65,C1303,Envoyer un CV et une lettre de motivation
65,C1401,Envoyer un CV et une lettre de motivation
65,C1503,Envoyer un CV et une lettre de motivation
65,C1504,Envoyer un CV et une lettre de motivation
65,J1102,Envoyer un CV et une lettre de motivation
65,M1201,Envoyer un CV et une lettre de motivation
66,C1103,Envoyer un CV et une lettre de motivation
66,C1301,Envoyer un CV et une lettre de motivation
66,C1302,Envoyer un CV et une lettre de motivation
66,C1303,Envoyer un CV et une lettre de motivation
68,C1501,Envoyer un CV et une lettre de motivation
68,C1502,Envoyer un CV et une lettre de motivation
68,C1503,Envoyer un CV et une lettre de motivation
68,C1504,Envoyer un CV et une lettre de motivation
68,K2501,Envoyer un CV et une lettre de motivation
69,K1102,Envoyer un CV et une lettre de motivation
69,K1901,Envoyer un CV et une lettre de motivation
69,K1902,Envoyer un CV et une lettre de motivation
69,K1903,Envoyer un CV et une lettre de motivation
69,M1202,Envoyer un CV et une lettre de motivation
69,M1203,Envoyer un CV et une lettre de motivation
69,M1204,Envoyer un CV et une lettre de motivation
70,H1102,Envoyer un CV et une lettre de motivation
70,H1206,Envoyer un CV et une lettre de motivation
70,H1302,Envoyer un CV et une lettre de motivation
70,H1401,Envoyer un CV et une lettre de motivation
70,H1402,Envoyer un CV et une lettre de motivation
70,H1502,Envoyer un CV et une lettre de motivation
70,M1101,Envoyer un CV et une lettre de motivation
70,M1102,Envoyer un CV et une lettre de motivation
70,M1201,Envoyer un CV et une lettre de motivation
70,M1202,Envoyer un CV et une lettre de motivation
70,M1204,Envoyer un CV et une lettre de motivation
70,M1205,Envoyer un CV et une lettre de motivation
70,M1206,Envoyer un CV et une lettre de motivation
70,M1207,Envoyer un CV et une lettre de motivation
70,M1402,Envoyer un CV et une lettre de motivation
70,M1403,Envoyer un CV et une lettre de motivation
70,M1502,Envoyer un CV et une lettre de motivation
70,M1503,Envoyer un CV et une lettre de motivation
70,M1701,Envoyer un CV et une lettre de motivation
70,M1703,Envoyer un CV et une lettre de motivation
70,M1704,Envoyer un CV et une lettre de motivation
70,M1705,Envoyer un CV et une lettre de motivation
70,M1706,Envoyer un CV et une lettre de motivation
70,M1707,Envoyer un CV et une lettre de motivation
70,M1801,Envoyer un CV et une lettre de motivation
70,M1802,Envoyer un CV et une lettre de motivation
70,M1803,Envoyer un CV et une lettre de motivation
70,M1804,Envoyer un CV et une lettre de motivation
70,M1805,Envoyer un CV et une lettre de motivation
70,M1806,Envoyer un CV et une lettre de motivation
70,M1810,Envoyer un CV et une lettre de motivation
71,A1301,Envoyer un CV et une lettre de motivation
71,A1302,Envoyer un CV et une lettre de motivation
71,A1303,Envoyer un CV et une lettre de motivation
71,F1101,Envoyer un CV et une lettre de motivation
71,F1102,Envoyer un CV et une lettre de motivation
71,F1103,Envoyer un CV et une lettre de motivation
71,F1104,Envoyer un CV et une lettre de motivation
71,F1105,Envoyer un CV et une lettre de motivation
71,F1106,Envoyer un CV et une lettre de motivation
71,F1107,Envoyer un CV et une lettre de motivation
71,F1108,Envoyer un CV et une lettre de motivation
71,H1301,Envoyer un CV et une lettre de motivation
71,H1302,Envoyer un CV et une lettre de motivation
71,H1501,Envoyer un CV et une lettre de motivation
71,H1502,Envoyer un CV et une lettre de motivation
71,H1503,Envoyer un CV et une lettre de motivation
71,H1504,Envoyer un CV et une lettre de motivation
71,H1506,Envoyer un CV et une lettre de motivation
71,I1604,Envoyer un CV et une lettre de motivation
71,K1802,Envoyer un CV et une lettre de motivation
71,K2401,Envoyer un CV et une lettre de motivation
71,K2402,Envoyer un CV et une lettre de motivation
71,M1808,Envoyer un CV et une lettre de motivation
72,H1206,Envoyer un CV et une lettre de motivation
72,H1501,Envoyer un CV et une lettre de motivation
72,H1503,Envoyer un CV et une lettre de motivation
72,H1505,Envoyer un CV et une lettre de motivation
72,I1502,Envoyer un CV et une lettre de motivation
72,I1503,Envoyer un CV et une lettre de motivation
72,J1101,Envoyer un CV et une lettre de motivation
72,J1201,Envoyer un CV et une lettre de motivation
72,J1302,Envoyer un CV et une lettre de motivation
72,K2401,Envoyer un CV et une lettre de motivation
72,K2402,Envoyer un CV et une lettre de motivation
73,E1101,Envoyer un CV et une lettre de motivation
73,E1104,Envoyer un CV et une lettre de motivation
73,E1107,Envoyer un CV et une lettre de motivation
73,E1201,Envoyer un CV et une lettre de motivation
73,E1205,Envoyer un CV et une lettre de motivation
73,E1306,Envoyer un CV et une lettre de motivation
73,E1401,Envoyer un CV et une lettre de motivation
73,E1402,Envoyer un CV et une lettre de motivation
73,I1201,Envoyer un CV et une lettre de motivation
73,K1601,Envoyer un CV et une lettre de motivation
73,L1102,Envoyer un CV et une lettre de motivation
73,L1501,Envoyer un CV et une lettre de motivation
73,M1401,Envoyer un CV et une lettre de motivation
73,M1403,Envoyer un CV et une lettre de motivation
73,M1404,Envoyer un CV et une lettre de motivation
73,M1603,Envoyer un CV et une lettre de motivation
73,M1702,Envoyer un CV et une lettre de motivation
73,M1705,Envoyer un CV et une lettre de motivation
74,B1301,Envoyer un CV et une lettre de motivation
74,B1805,Envoyer un CV et une lettre de motivation
74,D1201,Envoyer un CV et une lettre de motivation
74,E1108,Envoyer un CV et une lettre de motivation
74,E1201,Envoyer un CV et une lettre de motivation
74,E1203,Envoyer un CV et une lettre de motivation
74,E1205,Envoyer un CV et une lettre de motivation
74,F1102,Envoyer un CV et une lettre de motivation
74,F1108,Envoyer un CV et une lettre de motivation
74,F1201,Envoyer un CV et une lettre de motivation
74,F1202,Envoyer un CV et une lettre de motivation
74,F1204,Envoyer un CV et une lettre de motivation
74,H1204,Envoyer un CV et une lettre de motivation
74,H1301,Envoyer un CV et une lettre de motivation
74,H2411,Envoyer un CV et une lettre de motivation
74,H2412,Envoyer un CV et une lettre de motivation
74,L1102,Envoyer un CV et une lettre de motivation
74,L1303,Envoyer un CV et une lettre de motivation
74,L1501,Envoyer un CV et une lettre de motivation
74,M1702,Envoyer un CV et une lettre de motivation
74,M1809,Envoyer un CV et une lettre de motivation
75,A1501,Se présenter spontanément
75,A1504,Se présenter spontanément
77,D1204,Se présenter spontanément
77,I1601,Se présenter spontanément
77,I1603,Se présenter spontanément
78,K1304,Envoyer un CV et une lettre de motivation
78,K1305,Envoyer un CV et une lettre de motivation
78,K1801,Envoyer un CV et une lettre de motivation
78,K2101,Envoyer un CV et une lettre de motivation
78,K2112,Envoyer un CV et une lettre de motivation
78,L1102,Envoyer un CV et une lettre de motivation
78,L1303,Envoyer un CV et une lettre de motivation
78,L1501,Envoyer un CV et une lettre de motivation
78,M1501,Envoyer un CV et une lettre de motivation
78,M1502,Envoyer un CV et une lettre de motivation
78,M1503,Envoyer un CV et une lettre de motivation
79,D1408,Envoyer un CV et une lettre de motivation
79,G1101,Envoyer un CV et une lettre de motivation
79,G1102,Envoyer un CV et une lettre de motivation
79,G1301,Envoyer un CV et une lettre de motivation
79,G1302,Envoyer un CV et une lettre de motivation
79,G1303,Envoyer un CV et une lettre de motivation
79,N4103,Envoyer un CV et une lettre de motivation
80,I1307,Envoyer un CV et une lettre de motivation
80,K2502,Envoyer un CV et une lettre de motivation
80,K2503,Se présenter spontanément
81,A1203,Se présenter spontanément
81,I1202,Se présenter spontanément
81,I1203,Se présenter spontanément
81,I1501,Se présenter spontanément
81,K1304,Se présenter spontanément
81,K2202,Se présenter spontanément
81,K2203,Envoyer un CV et une lettre de motivation
81,K2204,Se présenter spontanément
81,K2302,Envoyer un CV et une lettre de motivation
81,K2303,Se présenter spontanément
81,K2305,Se présenter spontanément
81,K2501,Se présenter spontanément
82,D1401,Envoyer un CV et une lettre de motivation
82,D1408,Envoyer un CV et une lettre de motivation
82,E1107,Envoyer un CV et une lettre de motivation
82,E1307,Envoyer un CV et une lettre de motivation
82,F1501,Envoyer un CV et une lettre de motivation
82,F1502,Envoyer un CV et une lettre de motivation
82,F1604,Envoyer un CV et une lettre de motivation
82,H3301,Envoyer un CV et une lettre de motivation
82,H3302,Envoyer un CV et une lettre de motivation
82,I1401,Envoyer un CV et une lettre de motivation
82,M1203,Envoyer un CV et une lettre de motivation
82,M1501,Envoyer un CV et une lettre de motivation
82,M1601,Envoyer un CV et une lettre de motivation
82,M1602,Envoyer un CV et une lettre de motivation
82,M1603,Envoyer un CV et une lettre de motivation
82,M1604,Envoyer un CV et une lettre de motivation
82,M1605,Envoyer un CV et une lettre de motivation
82,M1606,Envoyer un CV et une lettre de motivation
82,M1607,Envoyer un CV et une lettre de motivation
82,M1608,Envoyer un CV et une lettre de motivation
84,C1106,Envoyer un CV et une lettre de motivation
84,C1107,Envoyer un CV et une lettre de motivation
84,C1109,Envoyer un CV et une lettre de motivation
84,C1401,Envoyer un CV et une lettre de motivation
84,G1102,Envoyer un CV et une lettre de motivation
84,I1502,Envoyer un CV et une lettre de motivation
84,K1101,Envoyer un CV et une lettre de motivation
84,K1401Conception,Envoyer un CV et une lettre de motivation
84,K1402,Envoyer un CV et une lettre de motivation
84,K1403,Envoyer un CV et une lettre de motivation
84,K1404,Envoyer un CV et une lettre de motivation
84,K1405,Envoyer un CV et une lettre de motivation
84,K1501,Envoyer un CV et une lettre de motivation
84,K1502,Envoyer un CV et une lettre de motivation
84,K1503,Envoyer un CV et une lettre de motivation
84,K1504,Envoyer un CV et une lettre de motivation
84,K1505,Envoyer un CV et une lettre de motivation
84,K1601,Envoyer un CV et une lettre de motivation
84,K1602,Envoyer un CV et une lettre de motivation
84,K1701,Envoyer un CV et une lettre de motivation
84,K1702,Envoyer un CV et une lettre de motivation
84,K1703,Envoyer un CV et une lettre de motivation
84,K1704,Envoyer un CV et une lettre de motivation
84,K1705,Envoyer un CV et une lettre de motivation
84,K1706,Envoyer un CV et une lettre de motivation
84,K1707,Envoyer un CV et une lettre de motivation
84,K1801,Envoyer un CV et une lettre de motivation
84,K1802,Envoyer un CV et une lettre de motivation
84,K1901,Envoyer un CV et une lettre de motivation
84,K1902,Envoyer un CV et une lettre de motivation
84,K1904,Envoyer un CV et une lettre de motivation
84,M1609,Envoyer un CV et une lettre de motivation
84,M1807,Envoyer un CV et une lettre de motivation
84,M1808,Envoyer un CV et une lettre de motivation
84,M1809,Envoyer un CV et une lettre de motivation
84,N2202,Envoyer un CV et une lettre de motivation
85,D1208,Envoyer un CV et une lettre de motivation
85,J1502,Envoyer un CV et une lettre de motivation
85,K1203,Envoyer un CV et une lettre de motivation
85,K1303,Envoyer un CV et une lettre de motivation
85,K2101,Envoyer un CV et une lettre de motivation
85,K2102,Envoyer un CV et une lettre de motivation
85,K2103,Envoyer un CV et une lettre de motivation
85,K2104,Envoyer un CV et une lettre de motivation
85,K2105,Envoyer un CV et une lettre de motivation
85,K2106,Envoyer un CV et une lettre de motivation
85,K2107,Envoyer un CV et une lettre de motivation
85,K2108,Envoyer un CV et une lettre de motivation
85,K2109,Envoyer un CV et une lettre de motivation
85,K2110,Envoyer un CV et une lettre de motivation
85,K2111,Envoyer un CV et une lettre de motivation
85,K2112,Envoyer un CV et une lettre de motivation
85,K2401,Envoyer un CV et une lettre de motivation
85,K2402,Envoyer un CV et une lettre de motivation
85,K2501,Envoyer un CV et une lettre de motivation
85,L1201,Envoyer un CV et une lettre de motivation
85,L1202,Envoyer un CV et une lettre de motivation
85,L1203,Envoyer un CV et une lettre de motivation
85,L1204,Envoyer un CV et une lettre de motivation
85,L1301,Envoyer un CV et une lettre de motivation
86,D1203,Envoyer un CV et une lettre de motivation
86,D1208,Envoyer un CV et une lettre de motivation
86,I1308,Envoyer un CV et une lettre de motivation
86,J1101,Envoyer un CV et une lettre de motivation
86,J1102,Envoyer un CV et une lettre de motivation
86,J1103,Envoyer un CV et une lettre de motivation
86,J1104,Envoyer un CV et une lettre de motivation
86,J1201,Envoyer un CV et une lettre de motivation
86,J1202,Envoyer un CV et une lettre de motivation
86,J1301,Envoyer un CV et une lettre de motivation
86,J1302,Envoyer un CV et une lettre de motivation
86,J1303,Envoyer un CV et une lettre de motivation
86,J1304,Envoyer un CV et une lettre de motivation
86,J1305,Envoyer un CV et une lettre de motivation
86,J1306,Envoyer un CV et une lettre de motivation
86,J1307,Envoyer un CV et une lettre de motivation
86,J1401,Envoyer un CV et une lettre de motivation
86,J1402,Envoyer un CV et une lettre de motivation
86,J1403,Envoyer un CV et une lettre de motivation
86,J1404,Envoyer un CV et une lettre de motivation
86,J1406,Envoyer un CV et une lettre de motivation
86,J1407,Envoyer un CV et une lettre de motivation
86,J1408,Envoyer un CV et une lettre de motivation
86,J1409,Envoyer un CV et une lettre de motivation
86,J1410,Envoyer un CV et une lettre de motivation
86,J1411,Envoyer un CV et une lettre de motivation
86,J1412,Envoyer un CV et une lettre de motivation
86,J1501,Envoyer un CV et une lettre de motivation
86,J1502,Envoyer un CV et une lettre de motivation
86,J1503,Envoyer un CV et une lettre de motivation
86,J1504,Envoyer un CV et une lettre de motivation
86,J1505,Envoyer un CV et une lettre de motivation
86,J1506,Envoyer un CV et une lettre de motivation
86,J1507,Envoyer un CV et une lettre de motivation
86,K1101,Envoyer un CV et une lettre de motivation
86,K1102,Envoyer un CV et une lettre de motivation
86,K1104,Envoyer un CV et une lettre de motivation
86,K1202,Envoyer un CV et une lettre de motivation
86,K1203,Envoyer un CV et une lettre de motivation
86,K1301,Envoyer un CV et une lettre de motivation
86,K1403,Envoyer un CV et une lettre de motivation
86,K2201,Envoyer un CV et une lettre de motivation
86,K2502,Envoyer un CV et une lettre de motivation
86,K2503,Envoyer un CV et une lettre de motivation
86,M1609,Envoyer un CV et une lettre de motivation
86,N1303,Envoyer un CV et une lettre de motivation
86,N4104,Envoyer un CV et une lettre de motivation
86,N4202,Envoyer un CV et une lettre de motivation
86,N4204,Envoyer un CV et une lettre de motivation
87,G1202,Envoyer un CV et une lettre de motivation
87,G1203,Envoyer un CV et une lettre de motivation
87,G1204,Envoyer un CV et une lettre de motivation
87,J1301,Envoyer un CV et une lettre de motivation
87,J1403,Envoyer un CV et une lettre de motivation
87,J1404,Envoyer un CV et une lettre de motivation
87,J1406,Envoyer un CV et une lettre de motivation
87,J1412,Envoyer un CV et une lettre de motivation
87,J1501,Envoyer un CV et une lettre de motivation
87,J1506,Envoyer un CV et une lettre de motivation
87,K1104,Envoyer un CV et une lettre de motivation
87,K1201,Envoyer un CV et une lettre de motivation
87,K1202,Envoyer un CV et une lettre de motivation
87,K1203,Envoyer un CV et une lettre de motivation
87,K1206,Envoyer un CV et une lettre de motivation
87,K1207,Envoyer un CV et une lettre de motivation
87,K1301,Envoyer un CV et une lettre de motivation
87,K1302,Envoyer un CV et une lettre de motivation
87,K1303,Envoyer un CV et une lettre de motivation
87,K1305,Envoyer un CV et une lettre de motivation
87,K1403,Envoyer un CV et une lettre de motivation
87,M1609,Envoyer un CV et une lettre de motivation
88,G1202,Envoyer un CV et une lettre de motivation
88,G1203,Envoyer un CV et une lettre de motivation
88,G1204,Envoyer un CV et une lettre de motivation
88,K1101,Envoyer un CV et une lettre de motivation
88,K1102,Envoyer un CV et une lettre de motivation
88,K1104,Envoyer un CV et une lettre de motivation
88,K1201,Envoyer un CV et une lettre de motivation
88,K1202,Envoyer un CV et une lettre de motivation
88,K1203,Envoyer un CV et une lettre de motivation
88,K1204,Envoyer un CV et une lettre de motivation
88,K1205,Envoyer un CV et une lettre de motivation
88,K1206,Envoyer un CV et une lettre de motivation
88,K1207,Envoyer un CV et une lettre de motivation
88,K1301,Envoyer un CV et une lettre de motivation
88,K1302,Envoyer un CV et une lettre de motivation
88,K1303,Envoyer un CV et une lettre de motivation
88,K1305,Envoyer un CV et une lettre de motivation
90,A1501,Envoyer un CV et une lettre de motivation
90,B1101,Envoyer un CV et une lettre de motivation
90,B1303,Envoyer un CV et une lettre de motivation
90,B1601,Envoyer un CV et une lettre de motivation
90,B1801,Envoyer un CV et une lettre de motivation
90,B1804,Envoyer un CV et une lettre de motivation
90,B1806,Envoyer un CV et une lettre de motivation
90,D1505,Envoyer un CV et une lettre de motivation
90,E1102,Envoyer un CV et une lettre de motivation
90,F1601,Envoyer un CV et une lettre de motivation
90,F1602,Envoyer un CV et une lettre de motivation
90,G1205,Envoyer un CV et une lettre de motivation
90,L1101,Envoyer un CV et une lettre de motivation
90,L1102,Envoyer un CV et une lettre de motivation
90,L1103,Envoyer un CV et une lettre de motivation
90,L1201,Envoyer un CV et une lettre de motivation
90,L1202,Envoyer un CV et une lettre de motivation
90,L1203,Envoyer un CV et une lettre de motivation
90,L1204,Envoyer un CV et une lettre de motivation
90,L1301,Envoyer un CV et une lettre de motivation
90,L1302,Envoyer un CV et une lettre de motivation
90,L1303,Envoyer un CV et une lettre de motivation
90,L1501,Envoyer un CV et une lettre de motivation
90,L1502,Envoyer un CV et une lettre de motivation
90,L1503,Envoyer un CV et une lettre de motivation
90,L1504,Envoyer un CV et une lettre de motivation
90,L1505,Envoyer un CV et une lettre de motivation
90,L1506,Envoyer un CV et une lettre de motivation
90,L1507,Envoyer un CV et une lettre de motivation
90,L1508,Envoyer un CV et une lettre de motivation
90,L1509,Envoyer un CV et une lettre de motivation
91,A1204,Envoyer un CV et une lettre de motivation
91,A1408,Envoyer un CV et une lettre de motivation
91,A1501,Envoyer un CV et une lettre de motivation
91,A1504,Envoyer un CV et une lettre de motivation
91,B1101,Envoyer un CV et une lettre de motivation
91,B1301,Envoyer un CV et une lettre de motivation
91,B1402,Envoyer un CV et une lettre de motivation
91,B1701,Envoyer un CV et une lettre de motivation
91,B1804,Envoyer un CV et une lettre de motivation
91,F1601,Envoyer un CV et une lettre de motivation
91,F1602,Envoyer un CV et une lettre de motivation
91,G1201,Envoyer un CV et une lettre de motivation
91,G1202,Envoyer un CV et une lettre de motivation
91,G1205,Envoyer un CV et une lettre de motivation
91,I1501,Envoyer un CV et une lettre de motivation
91,K1601,Envoyer un CV et une lettre de motivation
91,K1602,Envoyer un CV et une lettre de motivation
91,K2401,Envoyer un CV et une lettre de motivation
91,K2402,Envoyer un CV et une lettre de motivation
91,K2501,Envoyer un CV et une lettre de motivation
91,K2502,Envoyer un CV et une lettre de motivation
91,K2503,Envoyer un CV et une lettre de motivation
92,G1206,Envoyer un CV et une lettre de motivation
92,G1403,Envoyer un CV et une lettre de motivation
92,G1702,Envoyer un CV et une lettre de motivation
92,G1801,Envoyer un CV et une lettre de motivation
92,K2502,Envoyer un CV et une lettre de motivation
92,K2503,Envoyer un CV et une lettre de motivation
93,A1502,Envoyer un CV et une lettre de motivation
93,D1505,Envoyer un CV et une lettre de motivation
93,G1201,Envoyer un CV et une lettre de motivation
93,G1203,Envoyer un CV et une lettre de motivation
93,G1204,Envoyer un CV et une lettre de motivation
93,G1205,Envoyer un CV et une lettre de motivation
93,G1403,Envoyer un CV et une lettre de motivation
93,G1702,Envoyer un CV et une lettre de motivation
93,I1604,Envoyer un CV et une lettre de motivation
93,I1606,Envoyer un CV et une lettre de motivation
93,I1607,Envoyer un CV et une lettre de motivation
93,J1404,Envoyer un CV et une lettre de motivation
93,J1408,Envoyer un CV et une lettre de motivation
93,K1103,Envoyer un CV et une lettre de motivation
93,K2501,Envoyer un CV et une lettre de motivation
93,K2502,Envoyer un CV et une lettre de motivation
93,K2503,Envoyer un CV et une lettre de motivation
93,L1101,Envoyer un CV et une lettre de motivation
93,L1103,Envoyer un CV et une lettre de motivation
93,L1201,Envoyer un CV et une lettre de motivation
93,L1202,Envoyer un CV et une lettre de motivation
93,L1203,Envoyer un CV et une lettre de motivation
93,L1204,Envoyer un CV et une lettre de motivation
93,L1301,Envoyer un CV et une lettre de motivation
93,L1302,Envoyer un CV et une lettre de motivation
93,L1303,Envoyer un CV et une lettre de motivation
93,L1401,Envoyer un CV et une lettre de motivation
93,L1501,Envoyer un CV et une lettre de motivation
93,L1502,Envoyer un CV et une lettre de motivation
93,L1503,Envoyer un CV et une lettre de motivation
93,L1504,Envoyer un CV et une lettre de motivation
93,L1505,Envoyer un CV et une lettre de motivation
93,L1506,Envoyer un CV et une lettre de motivation
93,L1508,Envoyer un CV et une lettre de motivation
93,L1509,Envoyer un CV et une lettre de motivation
94,A1204,Envoyer un CV et une lettre de motivation
94,A1501,Envoyer un CV et une lettre de motivation
94,A1504,Envoyer un CV et une lettre de motivation
94,E1103,Envoyer un CV et une lettre de motivation
94,G1102,Envoyer un CV et une lettre de motivation
94,G1201,Envoyer un CV et une lettre de motivation
94,G1202,Envoyer un CV et une lettre de motivation
94,G1203,Envoyer un CV et une lettre de motivation
94,G1204,Envoyer un CV et une lettre de motivation
94,K1103,Envoyer un CV et une lettre de motivation
94,K1201,Envoyer un CV et une lettre de motivation
94,K1204,Envoyer un CV et une lettre de motivation
94,K1205,Envoyer un CV et une lettre de motivation
94,K1206,Envoyer un CV et une lettre de motivation
94,K1207,Envoyer un CV et une lettre de motivation
94,K1801,Envoyer un CV et une lettre de motivation
94,K1802,Envoyer un CV et une lettre de motivation
94,K1903,Envoyer un CV et une lettre de motivation
94,K2304,Envoyer un CV et une lettre de motivation
94,M1403,Envoyer un CV et une lettre de motivation
95,B1402,Se présenter spontanément
95,B1501,Se présenter spontanément
95,B1603,Se présenter spontanément
95,B1604,Se présenter spontanément
95,B1806,Se présenter spontanément
95,D1206,Se présenter spontanément
95,D1207,Se présenter spontanément
95,D1212,Se présenter spontanément
95,I1303,Se présenter spontanément
95,I1401,Se présenter spontanément
95,I1402,Se présenter spontanément
96,A1502,Envoyer un CV et une lettre de motivation
96,A1503,Envoyer un CV et une lettre de motivation
96,D1202,Envoyer un CV et une lettre de motivation
96,D1203,Envoyer un CV et une lettre de motivation
96,D1205,Envoyer un CV et une lettre de motivation
96,D1207,Envoyer un CV et une lettre de motivation
96,D1208,Envoyer un CV et une lettre de motivation
96,F1612,Envoyer un CV et une lettre de motivation
96,H2505,Envoyer un CV et une lettre de motivation
96,K1103,Envoyer un CV et une lettre de motivation
96,K2201,Envoyer un CV et une lettre de motivation
96,K2601,Envoyer un CV et une lettre de motivation
96,K2602,Envoyer un CV et une lettre de motivation
96,K2603,Envoyer un CV et une lettre de motivation
97,A1203,Envoyer un CV et une lettre de motivation
97,A1403,Envoyer un CV et une lettre de motivation
97,G1501,Envoyer un CV et une lettre de motivation
97,G1602,Envoyer un CV et une lettre de motivation
97,G1702,Envoyer un CV et une lettre de motivation
97,G1802,Envoyer un CV et une lettre de motivation
97,G1803,Envoyer un CV et une lettre de motivation
97,K1302,Envoyer un CV et une lettre de motivation
97,K1303,Envoyer un CV et une lettre de motivation
97,K1304,Envoyer un CV et une lettre de motivation
97,K2107,Envoyer un CV et une lettre de motivation
97,K2501,Envoyer un CV et une lettre de motivation
97,K2503,Envoyer un CV et une lettre de motivation
97,M1607,Envoyer un CV et une lettre de motivation
97,N4102,Envoyer un CV et une lettre de motivation
